{"frozen": {"proc-32637-1781519685": {"kind": "process", "pid": 32637, "create_time": 1781519685.450127}, "proc-32801-1781519714": {"kind": "process", "pid": 32801, "create_time": 1781519714.438941}}}